A001	admin	ShoppingAdmin@123
C001	jayson	Jayson@123
C002	Lim	aliceLim@123
C003	bobbyleong	Bobby@123
C004	carenOng	Caren@666
C005	abbylee	abby@A123
C007	maylim66	Maylim@66
C008	tantan	Tan@123123
C009	luoluo	R1Se@0608
C010	tfboys	Tfboys@0806
C011	xiaowen	XiaoWen@0612
